event_id,label_version,asset_class,symbol,name,t_start,t0,Wd,collapse_stratum,gate_A_catalyst,gate_B_gain,gate_D_verdict,gray_zone,enforcement_status,pcr_ms_fit,evidence_url,observed_at,notes
kr_stock-2017-esmo,v0.2,kr_stock,"073070 (코스닥, 에스모/Esmo Corp→이후 사명 '에이팸'). 유사명 '에스모 머티리얼즈'(087730)와 구분 필요","에스모(舊 신화디앤티) 무자본 M&A 시세조종·사기적 부정거래 사건 (서울남부지법 2020고합177 병합, 유죄 확정)",페이퍼컴퍼니 통한 대량 매수·시세조종 2017-07 ~ 2018-03,2017-08 ~ 2018-03 (무자본 인수·주가부양). R조합 통한 지분 69.67% 인수 결정 2017-06-08,20,collapsed,"무자본 M&A로 경영권 인수 후 자율주행·전기차 테마 허위·과장 보도자료(해외기업 업무협약 허위 등), 300억 전환사채(CB)+200억 제3자배정 유상증자, 페이퍼컴퍼니 증권계좌 통한 시세조종성 주문(총 1,626회/681,113주). 라임 펀드 자금 투입·횡령 연루","인수 전(2017-06 루트원투자조합 인수 이전) 약 1,000원대 → 2018-06-19 최고 15,650원 (배율은 원문 미명시)",,false,"REG-ENF 충족(유죄 확정). 전 대표(익명화) 대법원 확정 징역 5년+벌금 3억원(자본시장법위반·특경법 횡령 등). 실질 주도자(기업사냥꾼) 1심 징역 20년·벌금 300억원(2022-09-29), 검찰 항소. 1심 서울남부지법 2020고합177→항소심 서울고법 2021노345→대법원 2021도11110 확정. 부당이득 약 577억원(루트원 보유 약 1,584만주를 라임 펀드에 약 787억원 매도) | 보강: 주가조작 주도자(이모씨) 징역 12년·벌금 1,800억원 선고 (REG-ENF 앵커)","yes — Gate A(테마성 허위공시·보도자료), B(급등 정황, 수치 uncertain), D(펀더 무근거·CB차익), 붕괴 층화(상폐 위험). REG-ENF 앵커(형사 유죄 확정)",https://www.law.go.kr/LSW/precInfoP.do?precSeq=220037&mode=0,2026-07-01,"에스모 케이스 카드와 '서울남부지법 2020고합177' 케이스 카드는 동일 사건군(동일 주도자·R조합·지분 69.67%·law.go.kr precSeq=220037)으로 통합. 형량은 두 피고인(전 대표 5년·벌금3억 vs 주도자 20년·벌금300억) 구분 필요. 부당이득 표기 편차(557/570/577억). peak_gain·정확 종목코드 uncertain. 개인 익명화('주도자') | 보강: 2017 해외기업과 테슬라 부품 납품 허위 보도자료, 2018 자율주행차·2차전지 허위공시. 2020-08 횡령혐의 거래정지·실질심사, 2020-11-12 거래소 기업심사위 '상장폐지' 의결(이후 개선기간/존속 정황, 최종 상폐 여부 uncertain)"
kr_stock-2019-sangsangin,v0.2,kr_stock,상상인(코스닥 038540) 및 저축은행 담보대출 CB 발행사 다수; 각 발행사 코드 uncertain,상상인그룹 대표 자본시장법 위반(사기적 부정거래·CB 담보 미공시) 사건,2015-04,미공시 범행 시기 약 2015-04 ~ 2018-12. 1심 선고 2025-02-18,20,censored,"CB 발행사가 저축은행 담보대출에 의존했음에도 담보 제공 사실 미공시(사기적 부정거래), 미공개정보 이용 단타(약 50억원 시세차익), 지주 자사주 매입 관련 주문",,,false,"REG-ENF 부분 충족(부정거래·허위공시 유죄). 서울중앙지법 1심(2025-02-18) 징역 4년·벌금 약 185억4900만원(법정구속 회피). 자사주 관련 시세조종·배임 일부 무죄. 검찰 징역 9년 구형, 항소 진행(as-of 2026-07 미확정)","partial — 사기적 부정거래(CB 담보 미공시)·허위공시는 Gate A/D 부합, 시세조종(Gate B) 1심 무죄로 미충족. REG-ENF는 부정거래 부분 충족",https://www.lawtimes.co.kr/news/205712,2026-07-01,순수 시세조종 아닌 CB 관련 사기적 부정거래 사례. 시세조종 1심 무죄. 개인 익명화 권장. 항소심 미확정. peak_gain uncertain
kr_stock-2023-sg-cfd,v0.2,kr_stock,다우데이타(032190)·삼천리(004690)·서울가스(017390)·대성홀딩스(016710)·하림지주(003380)·다올투자증권(030210)·선광(003100)·세방(004360) 등 8개 종목,SG증권발 주가폭락(라덕연 일당) CFD 이용 통정·가장매매 시세조종 사건,2019년 5월경 통정매매로 시세조종 개시(여러 보도상 3년+ 장기 매집·부양),2023-04-24 (SG증권 창구 대량 매도로 8개 종목 동시 하한가 폭락). 매집·시세조종은 수년간 선행,20,collapsed,CFD(차액결제거래) 레버리지 + 다수 차명계좌를 통한 장기 저점 매집·통정매매로 인위적 우상향 유도(리딩·홍보 정황 포함). 뚜렷한 펀더멘털 호재 없음,"다우데이타(032190) 2022-07-12 9,840원→2023-02-07 53,200원 +440.65%; 삼천리(004690) 2022-04-26 108,500원→2023-04-06 520,000원 +379.26%",,false,"REG-ENF 충족(형사 유죄 취지, 파기환송 재심리 중). 1심(2025-02-13 서울남부지법) 징역 25년·벌금 약 1,465억원·추징 약 1,944억원 → 2심 CFD 혐의 무죄·이득 산정불가로 징역 8년·벌금 약 1,456억원·추징 1,815억원 대폭 감형 → 대법원 3부(2026-05-20) 유죄 취지 파기환송('CFD 등 장외파생 주문도 시세조종죄 성립'). 부당이득 약 7,305억원, 피해자 약 7.2만명·피해액 약 7,730억원, 시총 약 8조 증발","yes — A(리딩·홍보 정황, 실체 없는 수급 촉매), B(장기 인위적 급등 후 4거래일 연속 하한가), D(펀더 무근거), 붕괴 층화 명확. REG-ENF 앵커(형사 유죄 취지). CFD 통정·가장매매 유형",https://www.fnnews.com/news/202605201324486919,2026-07-01,"두 케이스 카드('SG증권발 주가폭락'+'SG증권발 하한가 사태')를 동일 사건으로 통합. 형량은 1심 25년/2심 8년 구분 필수. 파기환송으로 최종 확정 아님(as-of 2026-07). 종목별 최고 상승폭 uncertain. 개인 익명화. '단군 이래 최대 주가조작' 보도, CFD 규제 강화 계기 | 보강: 붕괴: 2023-04-24 8종목 동시 하한가(대성홀딩스·서울가스·선광 4연속, 삼천리 3연속). 첫 하한가 국면 4/21 종가 대비 -60~66%; 고점대비 누적 선광 -89.06%·서울가스 -87.04%·삼천리 -81.05%·세방 -71.17%·다우데이타 -68.84%·하림지주 -52.73%·다올투자증권 -21.43%. 대성홀딩스 급락 후 약 50일 -83.0%(최대). 8종목 합산 시총 약 8조2,083억원 증발. 첫 하락률과 고점대비 누적 하락률 기준일 다름 주의"
kr_stock-2024-leniency-kosdaq,v0.2,kr_stock,코스닥 상장 가구회사(종목명 비공개); 코드 uncertain,코스닥 상장사(가구회사) 차명계좌 통정·가장매매 시세조종 — 리니언시 최초 적용 기소 사건,2024-12,시세조종 기간 2024-12 ~ 2025-04(집중 조작 2025-01-14 ~ 2025-04-18). 공소제기 2026-05-08,20,censored,"다수 차명 증권계좌·현금 약 30억원·대포폰 동원, 통정매매 265회·가장매매·고가매수주문 1,339회 등 시세조종성 주문. 저유통물량(최대주주 지분율 높음) 종목 선정. 외부 홍보 촉매는 보도상 불명확","약 +113% (2025-01-14 종가 1,926원 → 2025-02-24 장중 최고 4,105원, 41일)",,false,"기소 단계(유죄 미확정, REG-ENF 앵커 아님). 서울남부지검 총책급 3명 구속기소(+불구속 3, 약식 3, 총 9명). 부당이득 약 14억원, 자본시장법 위반. 대검 자진신고자 형벌감면(리니언시) 최초 적용 기반 수사","partial — B(통정·가장매매로 인위적 급등)·차명계좌 시세조종 요건 부합, REG-ENF 미충족(기소 단계, pending 의심 사례). A(외부 홍보 촉매) uncertain",https://www.fnnews.com/news/202605081412337413,2026-07-01,"두 케이스 카드('2026년 5월 공소제기 기소 사건'+'리니언시 최초 적용 사건')를 동일 사건으로 통합. 부당이득 14억원은 상승폭 아님. 리니언시 첫 적용 제도적 의미. 관련자에 전 대신증권 부장·현직 경찰(뇌물)·인플루언서 배우자 포함. 유죄 미확정 pending, 개인 익명화"
kr_stock-2024-political-theme,v0.2,kr_stock,정치테마주 종목군(A사 등 15개 내외); 개별 티커 uncertain,제22대 총선(2024) 정치테마주 풍문 유포 부정거래 (증선위 검찰 통보),약 2024-01 (총선 국면 사전 매집),"제22대 총선(2024-04-10) 국면. 증선위 제1차 정례회의 의결 2025-01-08, FSC 보도참고 2025-01-09",20,censored,전업투자자가 15개 종목 사전 매집 후 유력 정치인과의 인맥·지역 유사성 근거 풍문(예: '사외이사가 OOO과 페이스북 친구')을 주식 사이트 게시판 반복 게시 → 주가 상승 시 선취매 물량 매도 → 매도 직후 게시글 삭제. 펀더멘털 무근거 저품질 촉매,,,false,REG-ENF 충족(증선위 검찰 통보). 자본시장법 제178조 부정거래 금지 위반. 금융위/증선위 → 수사기관 통보. 2025-04-23부터 부당이득 과징금·거래제한 등 행정제재 병행 가능,"yes — Gate A(근거 없는 정치인 연관 풍문=저품질 촉매), D(펀더 무근거) 명확. REG-ENF 앵커(증선위 통보). B는 개별 종목 수치 uncertain, partial",https://www.fsc.go.kr/no010101/83828,2026-07-01,원 케이스가 2017 제19대 대선으로 오기재했으나 실제는 2024 제22대 총선 사건(정정 반영). 확인된 수법은 풍문 유포+선취매(원 '허수주문/spoofing' 서술은 출처 미확인으로 삭제). peak_gain uncertain. 개인 익명화
kr_stock-2019-shinlajen,v0.2,kr_stock,신라젠 (KOSDAQ 215600),신라젠 펙사벡 임상3상 무용성 평가·임상중단 전 대량매도(미공개정보 이용 의혹) 사건,2019-06,2019-08-01 (DMC 무용성 평가·임상3상 중단 권고 통보). 임원 매도 2019-06~07,20,collapsed,종양용해바이러스 면역항암제 '펙사벡' 임상3상 성공 기대 → 무용성 평가로 붕괴. 임상 실체는 존재(순수 저품질 홍보 단정 곤란),,,false,미공개정보 이용 혐의(전 임원 16만7777주 약 88억원 매도)는 2022-08 최종 무죄 확정 → 이 촉매 관련 REG-ENF 앵커 미충족. 별개로 전 대표(익명화)는 사기적 부정거래·특경법 배임 등 1심 징역 5년·벌금 350억·항소심 유죄(별개 행위·혐의). 회사는 2020-05-04 거래정지·2020-06 상장적격성 실질심사,partial — Gate A 바이오 기대 촉매로 부분 해당(임상 실체 존재로 저품질 홍보 단정 곤란). 붕괴(무용성 평가) 명확. 미공개정보 앵커 무죄로 미충족. '기대붕괴+정보비대칭' 유형,https://www.dailypharm.com,2026-07-01,"붕괴: 44,550원→15,300원 3거래일 연속 하한가, 3일 만에 시총 약 2/3 소멸. 2017년 말 시총 10조·코스닥 2위. 미공개정보 혐의 무죄를 사실 중립 명기. 전 대표 유죄는 별개 t0. peak 상승률 자체 uncertain. 개인 익명화. source_url은 대표 출처(daily pharm 등 다수 언론 교차확인)"
kr_stock-2022-notus-bonus,v0.2,kr_stock,노터스 (KOSDAQ 278650),노터스 무상증자(1:8) 권리락 착시 연속 상한가·급락 사건,2022-05-09,2022-05-31 (권리락일). 무상증자 공시 2022-05-09,20,collapsed,1주당 8주 배정 무상증자 → 권리락으로 명목 주가가 낮아 보이는 착시효과. 외부 자본유입·기업가치 변동 없음(금감원 경고),"6거래일 연속 상한가로 종가 37,050원(권리락 기준가 7,730원 대비 약 +379%); 기간 최고가 43,950원(6/13, 약 +468%). 이후 -83.5%(보도상 최대 86%+ 폭락)",,false,"REG-ENF 충족(거래소 공식 제재). 한국거래소 투자경고종목 지정예고(6/3)·지정(6/7), 거래 과열로 6/10 1일 매매거래정지. 금감원 무상증자 관련 투자자 유의사항(2022-07-25경). 개별 시세조종 형사제재는 미확인(uncertain)","yes(부분) — Gate A(무상증자 착시=펀더 무근거 저품질 촉매), D(실질 가치 변동 없음), B(+468%), 붕괴(-83.5%) 명확. REG-ENF는 거래소 투자경고+거래정지로 충족(형사는 미확인)",https://www.hankyung.com/article/2022060903831,2026-07-01,"원 케이스가 '6연상 도달가(37,050)'와 '기간 최고가(43,950)'를 혼동해 +468%를 6연상 결과로 기재 → 분리 정정. REG-ENF는 partial 아니라 충족(거래소 제재 존재). 동시기 유사: 조광ILI·공구우먼·케이옥션·실리콘투. 투자자문 아님"
kr_stock-2022-jokwang-bonus,v0.2,kr_stock,조광ILI (KOSDAQ 044060),조광ILI 무상증자(1:5) 권리락 효과 연속 상한가(3연상) 사건,2022-07-14,권리락 착시 구간 2022-07-14~. 신주배정기준일 2022-07-15,20,collapsed,1:5 무상증자 권리락 효과. 명목 주가 하락에 따른 할인 착시로 매수세 유입. 실질 가치변동 없음,3거래일 연속 상한가(3연상). 이후 최고가 대비 -64.9%,,false,REG-ENF 시장경보 수준(개별 형사·행정 제재 아님). 금감원 2022-07-25 보도자료(무상증자 권리락 착시 투자자 유의사항)라는 시장 전반 투자경보. 노터스와 병렬 사례,"partial — Gate A/D(무상증자 착시, 실질 가치변동 없음), 붕괴(-64.9%) 명확, B는 3연상 partial. REG-ENF는 시장경보 수준(개별 제재 미확인)",https://www.etoday.co.kr/news/view/2154466,2026-07-01,노터스와 동일 2022년 무상증자 착시 테마 병렬 사례. 개별 시세조종 확정 아님 — 시장 착시·군중심리 유형. 사실 중립 기술. 투자자문 아님
kr_stock-2020-scarcity-rotation,v0.2,kr_stock,품절주 종목군(대표: 코데즈컴바인·전방·신라섬유 2020.6 섬유업종); 개별 티커 일부 특정 가능,품절주(유통주식수 극소 종목) 순환매 이상급등 및 거래소 거래정지·시장경보 조치,2020-06,2020년 우선주 광풍 이후 순환매 국면(대표 2020-06-19경 코데즈컴바인·신라섬유·전방 등 급등),20,censored,최대주주·자사주 비중이 높아 유통주식수가 극히 적은 '품절주' 특성. 소량 수급으로 단기 급변 → 순환매 테마. 펀더멘털 무관 수급 촉매,,,false,REG-ENF 충족(거래소 공식 조치). 유통가능주식수가 총발행주식수 2%(코스피 1%)·최소 10만주 미달 시 매매거래정지. 시장경보 3단계(투자주의→투자경고→투자위험). 위탁증거금 100% 규정은 2020~2025 당시 기준(2026-04-24 개정으로 경고·위험 종목에서 면제 예고),"partial — Gate A(수급 착시·저유동성 테마, 펀더 무근거)·D 해당, B(단기 이상급등)·붕괴(순환매 소진 후 급락) partial. REG-ENF는 거래소 거래정지·시장경보로 충족(시세조종 형사제재는 종목별 uncertain)",https://www.sedaily.com/NewsVIew/1Z437N6EHN,2026-07-01,'품절주 순환매' 현상·거래소 제도 대응 사실 중립 기술. 유통주식수 희소성이 수급 조작 취약성 만드는 구조적 사례. 위탁증거금 100% 규정 시점(2026 개정) 주의. 개별 최고 상승폭 uncertain
kr_stock-2023-youngpoong,v0.2,kr_stock,"영풍제지 006740(KOSPI); 최대주주 대양금속 009190(2022-11 지분 50.76%를 약 1,300억원에 인수)",영풍제지·대양금속 주가조작 사태,2022-10,"2023-10-18 (하한가 시작); 7거래일 연속 하한가(~2023-11-02, 역대 최장)",20,collapsed,"사채자금·차명계좌 동원 장기 매집(2022-10~2023-10 약 1년, 330여개 증권계좌) + 가장·통정·고가매수·물량소진·시초/종가관여 총 227,448회 시세조종 주문(약 1억7,965만주 상당). 뚜렷한 실적 호재 부재","2022-10 2,000원대 → 2023-09-07 종가 49,550원(장중 최고 54,200원). 상승배수 출처별 편차 '약 9배'(서울경제)~'11개월간 12배 이상'(한국경제, PER 300배 초과)",,false,"REG-ENF 충족(형사 구속·기소). 2023-11-03 서울남부지검 금융·증권범죄합동수사부가 대양금속 실소유주 등 일당 자본시장법 위반 혐의 구속, 공범 추가 구속·기소 확대. 부당이득 초기 추산 약 2,789억원 → 이후 약 6,616억원 상향. 반대매매가 급락 가속. 최종 판결 일부 uncertain | 보강: 부당이득 약 6,616억원(단일종목 주가조작 사상 최대). 총책 이모씨·배후 실소유주 공씨 등 자본시장법 위반 구속기소(2024). 2026-07 시점 1심 선고 미확인(유죄 확정 아님, pending)","yes — A(차명·사채 동원 은밀 매집), B(약 9배 급등), D(펀더 무근거), 붕괴(역대 최장 7연속 하한가). REG-ENF(형사 기소·구속)",https://imnews.imbc.com/news/2023/society/article/6535079_36126.html,2026-07-01,"원 케이스의 '3,600만주/3만8천 차례'는 출처 불일치 → 227,448회/약1.8억주로 정정. 부당이득 2,789억(초기)→6,616억(상향) 병기. 상승폭 약 9배로 특정. 최종 4,000원대까지 급락. 개인 익명화 | 보강: 붕괴: 2023-10-18 개장 동시 하한가(당일 4명 체포), 11-02까지 7거래일 연속 하한가(역대 최장), 5만원대→4,000원대. 대양금속 동반 하한가·반대매매. 키움증권 미수금 4,943억원(2023-10-20, 미수거래 증거금율 40%). 시세조종 주문 가장·통정 14만여회+고가매수 6.5만여회+물량소진 1.2만여회, 차명 등 계좌 330여개"
kr_stock-2024-influencer-frontrun,v0.2,kr_stock,700여 개 이상 종목(주로 정치테마주 등 변동성 큰 종목); 개별 식별자 uncertain,SNS 리딩방 핀플루언서 선행매매(스캘핑) 부정거래 적발 (증선위 검찰 고발),,증선위 의결 2024-09-11(제16차)·2024-12-04(제21차) 후 검찰 고발. 개별 종목 t0는 다수·uncertain,20,censored,"카카오톡·텔레그램·유튜브 리딩방 운영자가 추천 예정 종목을 추천 직전 집중 선매수 후, 추천으로 유입된 매수세에 매도해 차익 실현(선행매매/스캘핑)",,,false,REG-ENF 충족. 금융위 증권선물위원회가 자본시장법 제178조(부정거래) 위반으로 검찰 고발/통보. 빅데이터·SNS 모니터링으로 적발,"partial — A(홍보·리딩방 촉매) 강하게 충족, 선행매매형 부정거래로 REG-ENF 앵커 충족. 개별 종목 B(시장 초과 급등)·붕괴 층화는 종목별 상이(집계형 사건)",https://www.fsc.go.kr/no010101/83530,2026-07-01,집계형 사건 — 개별 종목 라벨링 시 종목 단위 재분해 필요. 원 source_urls 중 SBS(2023 별개 리딩방 보도)는 부적합으로 제외. 개인 익명화('운영자/핀플루언서'). peak_gain uncertain
kr_stock-2023-rfsemi,v0.2,kr_stock,알에프세미 096610 (KOSDAQ / A096610),알에프세미 이차전지 테마 허위공시·무자본 M&A 주가조작,"2023-03-31 무자본 인수 소식과 함께 7,180원으로 상승 시작; 2023-04-11 '원통형 배터리 신사업' 보도자료로 이차전지 허위공시 본격화(이후 CB 발행 임박·해외 대규모 공급계약·중국 공장 10년 독점 최대 6조 등 허위 호재 지속)","급등 시점 2023년 초~4월(최고가 29,450원 도달 2023-04). 형사기소 발표 2026-06-10",20,collapsed,사채 급전으로 경영권 인수(무자본 M&A) 후 싱가포르·필리핀·미얀마 등 이차전지(중국 LFP 배터리 3조~6조원 독점공급 취지) 공급계약 확정 취지 허위 호재 공시 반복,"약 900%/약 9배: 2023-01 약 2,310원 → 2023-04 장중 최고 29,450원(3/31 7,180원→4/24 27,700원, 25일). 기존 '약 12배' 프레이밍은 이번 출처들에서 미확인(uncertain)",,false,"REG-ENF 충족(형사 기소). 서울남부지검 금융증권범죄합동수사부(2026-06-10) 전·현 대표 구속기소, 공범 불구속기소(자본시장법 사기적 부정거래·특경법 배임). 부당이득 약 138억원(별도 회삿돈 약 140억 유용), 소액주주 약 1만5천명 피해. 2023 감사 한정의견·상장폐지 수순 | 보강: 부당이득 약 138억원. 2026-06-10 서울남부지검 금융증권범죄합동수사부 전·현 대표를 자본시장법상 사기적 부정거래·특경 배임으로 구속기소, 무자본 M&A 공범 2명·법인 불구속기소(기소 단계, 유죄 미확정)","yes — A(허위 테마 호재 촉매), B(약 900~1,180% 급등), D(펀더 무근거·허위공시), 붕괴(상폐). REG-ENF(형사 기소)",https://www.hankyung.com/article/202606108545i,2026-07-01,"이차전지 테마 편승형 + 무자본 M&A + 허위공시 결합 전형. 종목 식별자 A096610 확정. 상승폭 공식 900% vs 실질 약 12배 병기. 개인 익명화('전·현 대표') | 보강: 붕괴: 2024-01-22 거래정지되며 2,965원 폭락, 2023 사업연도 감사의견거절(감사범위 제한·계속기업 불확실)로 상폐 사유(이후 2년 연속 의견거절). 법인자금 약 143억원 '독점판매권' 명목 유용(특경 배임). 소액주주 약 1만5,000명 피해"
crypto-2024-nexfundai,v0.2,crypto,"함정 토큰 NexFundAI(NEXF, ERC-20, Uniswap); 발행사 토큰 Saitama·Robo Inu Finance·VZZN·Lillian Finance; 마켓메이커 Gotbit·ZM Quant·CLS Global·MyTrade",NexFundAI 국제 공조 수사 (Operation Token Mirrors) — 18개 개인·법인 기소 (D. Mass.),2024-03,2024-10-09 공소 발표. FBI 함정 토큰 생성 2024년 3~5월,14,censored,"발행사가 마켓메이커에 비용 지급해 인위적 거래량(wash trading)·가격 부양 → 소매투자자 유인(pump) 후 물량 매도(dump). FBI가 NexFundAI 토큰 직접 생성해 프로모터/텔레그램 잠입, 마켓메이커의 pump-and-dump·봇 제안 증거 확보",,,false,"REG-ENF 충족. DOJ 형사 기소(wire fraud, conspiracy to commit market manipulation·wire fraud, 무허가 송금업). SEC 병행 민사(§10(b)·Rule 10b-5, ZM Quant·Gotbit·CLS Global 등 대상, PR 2024-166). 약 $25M 암호화폐 압류. 후속 유죄·합의(Gotbit ~$23M 몰수, CLS Global 유죄+$428,059)","yes — Gate A(마켓메이커 인위적 거래량 촉매), B(급등 부양), D(무가치 토큰), REG-ENF 앵커 명확",https://www.justice.gov/usao-ma/pr/eighteen-individuals-and-entities-charged-international-operation-targeting-widespread,2026-07-01,작전명 Operation Token Mirrors. 미 검찰 '암호화폐 마켓메이커 대상 최초 형사 시세조종/wash trading 기소'. 개별 티커·단일 peak_gain uncertain. Saitama 참고 2021-11 시총 약 $7.5B 정점(별개 데이터)
crypto-2024-gotbit,v0.2,crypto,마켓메이커 Gotbit Consulting LLC; 조작 대상 클라이언트 토큰 Robo Inu·Saitama,Gotbit / 마켓메이커 창업자(익명화) — 유죄·실형 (D. Mass.),2018,"기소 2024-10-09(대배심 2024년 10월). 유죄인정 2025-03-20경. 선고 2025-06경. 체포 2024-10-08(포르투갈), 인도 2025-02-25",14,censored,창업자가 2019년 인터뷰에서 wash-trade 코드로 거래량 인위 부양해 CoinMarketCap 등재·대형 거래소 상장 노렸다고 설명. 클라이언트 토큰 거래량·가격 조작 대행(2018~2024),,,false,"REG-ENF 충족(형사 유죄 확정, 강한 앵커). 창업자(익명화) — wire fraud + conspiracy(market manipulation·wire fraud) 유죄, 징역 8개월+감독부 석방 1년. Gotbit(법인) — 5년 보호관찰(사실상 영업 중단), 약 $23M 암호화폐 몰수. SEC 병행 민사(PR 2024-166, 개인 Fedor Kedrov 대상 별도 complaint)","yes — Gate A(마켓메이커 인위적 거래량 촉매), B, D 충족. REG-ENF 유죄 확정으로 강한 양성 앵커",https://www.justice.gov/usao-ma/pr/cryptocurrency-financial-services-firm-gotbit-and-founder-plead-guilty-market,2026-07-01,NexFundAI 계열 사건의 개별 마켓메이커 처분. Gotbit은 2026 N.D.Cal. 별개 사건에도 등장. 개인 익명화 권장. peak_gain uncertain(마켓메이커 대행 성격)
crypto-2024-clsglobal,v0.2,crypto,"마켓메이커 CLS Global FZC(UAE); 대상 토큰 NexFundAI(FBI 생성 ERC-20, Uniswap)",CLS Global FZC — NexFundAI wash trading 유죄·벌금 (D. Mass.),2021-02,기소 2024년 9월(indictment)/발표 2024-10-09. 유죄인정 2025년 1월. 선고 2025-04-02(보스턴),14,censored,"NexFundAI 거래량을 인위적으로 부양해 매력적으로 보이게 하겠다 제안. 다수 지갑에 걸쳐 알고리즘 매매로 유기적 거래처럼 위장(2021-02~2021-09 Uniswap상 약 80,000건 wash trade 보고)",,,false,"REG-ENF 충족(형사 유죄). conspiracy to commit market manipulation·wire fraud 1건 + wire fraud 1건. 벌금 등 총 $428,059(압류 암호화폐 포함), 3년 보호관찰 + 미국 투자자 접근 암호화폐 시장 참여 3년 금지",yes — Gate A(인위적 거래량 촉매)·REG-ENF 앵커 충족. 대상이 함정 토큰이라 B(실제 시장 급등)은 partial(N/A),https://www.justice.gov/usao-ma/pr/eighteen-individuals-and-entities-charged-international-operation-targeting-widespread,2026-07-01,함정수사 대상 토큰이라 시장 붕괴/최고가 N/A. 마켓메이커의 조작 서비스 제공 의도·행위 자체가 유죄 입증 대상. NexFundAI 계열
crypto-2024-zmquant,v0.2,crypto,"마켓메이커 ZM Quant Investment Ltd.(BVI, 직원 홍콩); 대상 토큰 Saitama Inu(SAITAMA)·SaitaRealty·NexFundAI",ZM Quant Investment Ltd. — Saitama/SaitaRealty·NexFundAI 조작 (SEC + 형사),2021-09,SEC 제소 2024-10-09(병행 형사). 조작기간 2021-09~2023-09,14,censored,"'market-manipulation-as-a-service'로 고용. 수천 개 지갑으로 분당 다수 거래, 봇이 하루 quadrillions 건·수십억 달러 인위적 거래량 생성(2023-05-26 SaitaRealty 거래량 24시간 내 412,000,000,000% 급증 사례 포함)",,,false,"REG-ENF 충족(SEC/DOJ). SEC 민사 §10(b)·Rule 10b-5(ZM Quant·CLS Global·MyTrade·Gotbit 함께, LR-26158·PR 2024-166). DOJ 병행 형사. ZM Quant/개인 최종 처분 일부 uncertain(해외 소재)","yes — Gate A(조작 서비스 촉매)·B·D 충족, REG-ENF(SEC/DOJ) 앵커. 개별 최종 처분 일부 uncertain",https://www.sec.gov/enforcement-litigation/litigation-releases/lr-26158,2026-07-01,Saitama 발행사가 ZM Quant·Gotbit 등 복수 마켓메이커 고용 구조. SEC가 해당 토큰을 '증권'으로 규정. '$3M 수취'·정점 시총·peak_gain uncertain. 개인 실명은 공개 소송기록이나 익명화 권장
crypto-2018-hydro,v0.2,crypto,토큰 HYDRO; 발행사 The Hydrogen Technology Corporation; 마켓메이커 Moonwalkers Trading Limited(남아공),Hydrogen Technology / HYDRO 토큰 — 시세조종 유죄(형사) + SEC 승소 (S.D.N.Y.),2018-10,"봇 조작 2018-10 ~ 2019-04 (남아공 Moonwalkers Trading Ltd. 2018-10 고용, 봇 트레이딩 2019-04까지)",14,censored,"미국 소재 거래소에서 자동매매 봇으로 허위 주문 홍수. 약 $7M wash trade + $300M 초과 spoof trade로 가격·거래량 조작, 발행사/공모자 약 $2M 실현. 내부 메시지에 'pump-and-dump for a worthless token' 언급 보도",,,false,"REG-ENF 충족(형사 유죄 + SEC 승소, 강한 앵커). 전 CEO(익명화) 2023-11 유죄인정(conspiracy to commit securities price manipulation+wire fraud) 징역 3년9개월; 공동피고(Hampton) 2024-02-07 연방 배심 유죄('암호화폐=증권' 최초 형사 배심 인정) 징역 2년11개월. SEC 민사 승소(LR-25737): Hydrogen 약 $2.8M(추징 ~$1.5M+이자+민사벌금 $1M+), Kane 별도 벌금 ~$260, | 보강: SEC 민사 최종판결 2023-04-20(SDNY) 총 약 $2.8M 징수(Hydrogen 추징 $1,516,703.53+이자+벌금 $1,035,000; Kane 추징 $45,818.79+이자+벌금 $207,000). 별건 DOJ 형사: Kane 45개월, Hampton(재무공학책임) 35개월 실형 — 암호화폐를 증권으로 인정한 첫 연방 형사 배심","yes — Gate A(봇 기반 인위적 주문 촉매), B(가격 부양), D(무가치 토큰), REG-ENF(형사 유죄+SEC 승소) 강한 앵커",https://www.sec.gov/newsroom/press-releases/2022-175,2026-07-01,"NexFundAI 계열과 별개 독립 사건. '암호화폐=증권' 형사 배심 인정은 Hampton 재판에 국한(전 CEO는 유죄인정). 원 케이스가 두 유죄 경로 혼동 → 정정. SEC 판결 정본은 LR-25737(LR-25553는 제소 단계). peak_gain uncertain. 개인 익명화 | 보강: wash trade 약 $700만 + spoof 주문 $3억+ (자동봇), 부당이익 $200만+. HYDRO를 crypto asset security로 규정(미등록 offer/sale + 거래량·가격 조작 scheme). 구체 가격 상승/하락 %는 공개출처 미명시(uncertain) — 조작은 거래량 수치로 입증"
crypto-2026-ndcal-mm,v0.2,crypto,마켓메이커 4곳 Gotbit·Vortex·Antier·Contrarian; 대상 토큰 uncertain(다수),"Gotbit·Vortex·Antier·Contrarian — 마켓메이커 10인 기소 (Operation Token Mirrors, N.D. Cal.)",2024-05,기소장 개봉 2026-03-30(NDCal). 수사 개시 2024-05경. 싱가포르 체포 2025-10-02,14,censored,"트레이딩 봇으로 인위적 거래량 생성·토큰 가격 부양(coordinated pump-and-dump), 수요 착시로 투자자 매수 유인 후 동일 주체 매도. FBI+IRS-CI 언더커버(FBI 직접 토큰 프로젝트 생성)",,,false,"REG-ENF 충족(형사 기소·일부 유죄, 진행 중). DOJ 형사 기소(wire fraud/conspiracy, wash trading, 최대 20년·벌금 건당 최대 $250,000). 선행 트랙 Tsao 2025-06-02 유죄인정(오클랜드)·2025-06-03 USDT 약 120만 몰수 예비명령, Popov 유죄인정. CEO 2명 포함 3명 싱가포르 체포·인도·오클랜드 출석. 최종 처분 일부 uncertain","yes — Gate A(봇 기반 인위적 거래량 촉매)·B·D 충족, REG-ENF(형사 기소·일부 유죄) 앵커. 진행 중 최종 처분 일부 uncertain",https://www.trmlabs.com/resources/blog/ten-fraudsters-from-four-financial-services-firms-charged-in-different-cryptocurrency-market-manipulation-schemes-out-of-northern-district-of-california,2026-07-01,2024 D.Mass. NexFundAI 건과 별개 후속·독립 수사(캘리포니아 북부). Gotbit이 두 관할 등장. 국경 간 체포·인도. Tsao 유죄(2025)와 기소장 개봉(2026) 시점 구분. 개인은 공개기록 범위 내 중립 기술. 대상 토큰·peak_gain uncertain
global_stock-2020-atlas,v0.2,global_stock,다수 exchange-traded microcap 종목; 개별 티커 SEC 보도자료 미명시,Atlas Trading Discord/Twitter 소셜미디어 시세조종 (SEC v. Constantinescu et al.),2020-01,2020-01경 ~ 2022-04경. SEC 제소 2022-12-14,30,censored,"인플루언서 7인이 Twitter(합산 팔로워 150만+)와 Discord 'Atlas Trading'에서 특정 종목 선매수 후 price target 제시·'매수/보유' 발언으로 팔로워 매수 유도, 상승 시 미공개 매도(scalping). 8번째 피고가 팟캐스트로 방조",,,false,"REG-ENF 충족. SEC 민사(S.D. Texas): 영구금지·부당이득 반환·민사벌금, penny stock bar. DOJ Fraud Section+S.D. Texas 병행 형사기소(8인 전원). 스킴 총 이익 최소 약 $114M. 2025-11 제5순회항소법원이 SEC 사건 1심 각하 파기·환송(진행 유동적)","yes — Gate A(소셜미디어 인플루언서 프로모션=저품질 촉매), D(순수 hype 기반) 충족. B·붕괴 층화는 개별 종목 데이터 필요. REG-ENF(SEC+DOJ) 앵커",https://www.sec.gov/newsroom/press-releases/2022-221,2026-07-01,소셜미디어 프로모션 카테고리 대표 사례(scalping형). 개별 종목별 최고 상승폭·t0 정렬은 소장 원문 필요. Knight 핸들·Discord 정확 회원수 uncertain. 2025-11 항소심 파기환송으로 진행 유동적
global_stock-2024-cleu,v0.2,global_stock,"CLEU (NASDAQ, Cayman 법인, 중국 교육서비스; 현재 상장폐지·OTC CLEUF)","China Liberal Education Holdings (CLEU) ramp-and-dump (DOJ, N.D. Illinois)",2024-11,2024-11 ~ 2025-02. 기소·압류 발표 2025년 3월. 몰수 약 $214M 2025-05-28경,30,collapsed,"중국 소재 인물들이 소셜미디어·메신저에서 미국 소재 투자자문가로 위장, CLEU 투자 고수익 약속 허위·오인 유도 프로모션 + 조율된 매매로 주가 인위적 상승 유도 후 대량 매도",,,false,REG-ENF 충족(DOJ 형사기소+몰수). 2025년 3월 N.D. Illinois에서 7인 기소(말레이시아·대만 국적). 2025-05경 약 $214M 몰수. DOJ 피해자 보상(remission fund) 절차 개시. CLEU NASDAQ 상장폐지,"yes — Gate A(위장 투자자문 소셜 프로모션), B(인위적 급등), D(펀더 무근거), 붕괴(급락·투자자 대부분 손실). REG-ENF 앵커(형사기소+몰수)",https://www.justice.gov/usao-ndil/pr/federal-law-enforcement-chicago-seizes-214-million-alleged-pump-and-dump-investment,2026-07-01,최신·전형적 중국 관련 ramp-and-dump(account takeover 아닌 위장 자문형). 피고인은 말레이시아/대만 국적(사칭은 중국발). peak_gain 구체 % uncertain. 상승폭·거래량 시계열 NASDAQ 데이터로 event study 접목 가능
global_stock-2025-mctr-ctrl,v0.2,global_stock,"MCTR = CTRL Group Limited(홍콩, Nasdaq, 상장 2025-01-22); 관련사 Dreamland Limited",중국 기반 ramp-and-dump 피해 회수 — MCTR(CTRL Group)/Dreamland (DOJ SDNY 민사몰수),2025-05,2025-06-03 (급등일). 2025년 5월말~6월초 소셜미디어 대량 홍보,30,collapsed,중국·홍콩 소재 인물이 개설한 미국 브로커리지 계좌 통한 대량·조율된 매도(ramp-and-dump). 소셜미디어 대량 동일 문구 홍보,"6/3 시가 $7.12(전일比 +50%), 장중고가 $33.69, 종가 $32.90; 거래량 전일比 약 +70,000%",,false,"REG-ENF 충족(DOJ 민사몰수 2건). U.S. Attorney SDNY 중국 기반 pump-and-dump 피해자 대상 약 $19.5M 회수. IPO~2025-06-05 사이 미국 브로커리지 계좌 10개가 약 1,065,313주 매도, 수익 약 $11,966,324.44",yes(정정) — Gate A(소셜미디어 홍보)·Gate B(시장 초과 급등)·REG-ENF 앵커(DOJ 몰수/회수) 모두 충족(원 partial에서 상향),https://www.justice.gov/usao-sdny/pr/us-attorney-announces-recovery-195-million-victims-china-based-pump-and-dump-schemes,2026-07-01,"원 케이스가 기관을 SEC로 오기재(→DOJ SDNY), t0·peak_gain을 과도하게 uncertain 처리(공개기록으로 특정), 관련사 Dreamland 누락 → 정정. 회수 총액 $19.5M"
global_stock-2007-rino,v0.2,global_stock,"RINO (RINO International Corp., 舊 NASDAQ, 2007 리버스머저 상장, 중국 철강 설비)","RINO International 중국 리버스머저 회계부정 (SEC, 2013 settlement)",2007,"2010-11 (Muddy Waters 공매도 리포트→NASDAQ halt 2010-11-18→상폐 결정). 후행 SEC 거래정지 2011-04, settlement 2013",30,collapsed,"허위 매출계약 포함으로 매출 15배 이상 과대계상(미국 장부 약 $491M vs 중국 장부 약 $31M, 2008 Q1~2010 Q3). CEO 겸 이사회 의장이 공모 자금 약 $3.5M 사적 유용. 명시적 홍보 촉매(Gate A) 약함",,,false,"REG-ENF 충족(SEC 제재+거래정지+상장폐지). 2010-12-08 NASDAQ 상장폐지 결정(2010-12-30 발효). 2011-04 SEC 거래정지(order 34-64291). 2013 임원 벌금(Zou $150,000, Qiu $100,000, neither admit nor deny)+미국 상장사 임원·이사 10년 자격박탈 화해","partial — 중국 리버스머저 대표 사례, Gate D(회계 과대계상)·REG-ENF 앵커 충족. Gate A(홍보 촉매)·명시적 급등(Gate B) 약함 — accounting fraud/reverse-merger fraud 유형",https://www.sec.gov/newsroom/press-releases/2013-2013-87,2026-07-01,원 케이스가 t0를 2011-04 SEC 정지로 오기재 → 실제 붕괴 t0는 2010-11 Muddy Waters→NASDAQ halt(2011-04는 후행 별개). 2010~2011 SEC 중국 리버스머저 일제 단속 상징. source_url 1차 SEC 자료로 교체. peak_gain uncertain(급등 요소 약함)
global_stock-2011-spam-microcap,v0.2,global_stock,pump 대상 발행사 8개(중국·캐나다·이스라엘 소재 RTO 종목); 특정 3사 China Digital Media Corp.·Global Peopleline Telecom Inc.·m-Wise Inc.; 티커 uncertain,$33M 국제 microcap 스팸이메일 pump-and-dump (SEC Release 2011-33),,2011-02-01 (기소 발표). 스킴 실행 기간 세부 uncertain,30,censored,"프로모터 등 8인이 다수 microcap 종목에 대해 불법 스팸 이메일 캠페인으로 pump-and-dump 수행($3,300만 규모). 저품질 홍보 촉매(소셜미디어 이전 세대 이메일형)",,,false,REG-ENF 충족. SEC 제재(8인·3사 기소). 2010~2011 SEC 중국계 RTO 단속 흐름,"partial — Gate A(스팸 이메일=저품질 홍보 촉매), REG-ENF 앵커 충족. 개별 종목 Gate B·D·붕괴 층화 세부는 원문 추가 확인 필요",https://www.sec.gov/news/press/2011/2011-33.htm,2026-07-01,boiler room/이메일 프로모션형 초기 사례 — 소셜미디어 인플루언서형(Atlas)과 시대적 대비. '3개 회사'는 실행주체가 아닌 pump 대상 발행사(issuer). 개인 익명화 권장. 개별 티커·급등폭 uncertain
crypto-2021-emax,v0.2,crypto,EMAX (EthereumMax token),EthereumMax (EMAX) 셀럽 홍보 — Kim Kardashian 대상 SEC 제재,2021-06 셀럽 인스타 홍보,셀럽 인스타 홍보 2021-06; 약 2주내 96% 폭락; SEC 합의 2022-10-03,14,collapsed,"셀럽이 $250,000 받고 인스타그램에 EMAX 홍보하며 유상홍보 대가 미공개; Mayweather 등 엔도스먼트로 소매 FOMO 유발",uncertain (정점 대비 약 2주만에 96% 하락 보도; 최고 상승폭 미확정),,false,"SEC 미공개 유상홍보(unlawful touting) 제재, 합의금 총 $1.26M(과징금+토출+이자)+3년 크립토 증권 홍보금지. 민사 pump&dump class-action은 2022-12 기각. 조작 확정 아님",partial — Gate A·붕괴(96%)는 뚜렷하나 REG-ENF는 시장조작이 아닌 '대가 미공개 touting'. 조작 앵커 아님,https://www.sec.gov/newsroom/press-releases/2022-183,2026-07-02,REG-ENF가 홍보규정 위반이지 조작/러그풀 아님 — 양성 조작 앵커로 쓰면 안 됨. 개인 익명화('주도자/셀럽 홍보인'). 카테고리: 밈코인 러그풀/소매·셀럽 촉매 crypto pump-and-dump.
crypto-2026-catfi,v0.2,crypto,"CATFI (Solana 기반 meme coin, DEX/Pump.fun 상장)",CATFI (Solana 밈코인) DEX 러그풀 — 한국 첫 형사 기소 (가상자산이용자보호법),행위 2024~2025경 (가상자산이용자보호법 2024-07-19 시행 이후),Solana/Pump.fun 상장 2025년 초; 검거·기소 보도 2026-05경,14,collapsed,주도자(성씨 Park)가 사전 물량 축적 후 'Eth Father' 가공 인플루언서 페르소나로 소매 홍보 → 자금 유입 유도 후 유동성 회수(러그풀),"≈1,001x(약 100,000%) in ~26h (워시·순환거래 pump; 검증서 보정). 투자자 손실 약 9억원(~$600K, 피해자 256명), 부당이득 약 4억원(~$260K)",,false,서울남부지검 5명 체포·기소. 가상자산이용자보호법상 '사기적 부정거래' 적용 첫 DEX 러그풀 형사사건. 유죄 확정 전(기소 단계),yes — Gate A(가공 인플루언서 홍보)·B(급등 유도)·D(밈코인 펀더 무근거)·붕괴(러그풀)+REG-ENF(형사 기소) 충족. '소매 커뮤니티 밈코인 러그풀 형사'에 가장 부합,https://www.theblock.co/post/402697/south-korea-first-rugpull-memecoin,2026-07-02,"한국(kr) 관할 최초 DEX 러그풀 형사사건. 자산은 crypto, 관할은 kr. 유죄 확정 전 '기소 단계' 표기. 개인 익명화('주도자, 성씨 Park')."
crypto-2026-dcoin,v0.2,crypto,"'D코인'(판결·보도상 익명화, 티커 uncertain), 'C거래소'(국내, 명칭 uncertain)",가상자산이용자보호법 위반 1호 사건 (D코인 자동매매 시세조종),2024-07-22 ~ 2024-10-25 약 3개월,1심 선고 2026-02-04 서울남부지법 형사합의14부,14,censored,발행재단서 위탁받은 D코인 약 122만개 매도. 자동매매(auto-trading) 프로그램으로 시장가 반복 매수·매도(거래량 부풀리기)+허수매수주문(직전가보다 낮은 매수주문 제출 후 즉시 취소) = 전형적 wash trading + spoofing,"가격 상승폭 uncertain; 거래량 급증이 핵심 — 직전 일평균 약 16만개→범행 개시일 245만개 약 15배(피고인 거래비중 89% 보도, 재확인 미완)",,false,"유죄(1심). 대표 이모씨 징역3년+벌금5억+추징 약 8.46억, 직원 강모씨 징역2년·집유3년. 검찰 항소. 가상자산이용자보호법(2024-07-19 시행) 최초 적용 유죄. 검찰 주장 부당이득 71억은 산정근거 불충분으로 불인정","yes(REG-ENF 앵커, 1심·항소중). Gate B 충족, wash/spoof=조작 코어. Gate A(홍보)·D(펀더)는 판결문상 직접 확인 어려워 partial",https://www.khan.co.kr/article/202602041523001,2026-07-02,붕괴 층화용 가격 시계열 미공개→censored. 종목·거래소 익명화 준수. 개인 익명화. 검찰 항소로 최종 미확정.
crypto-2025-hcoin,v0.2,crypto,"'H코인'(판결상 익명화, 식별자 uncertain), 해외거래소 상장/'국내 상장 예정'은 허위광고",H코인 자전거래 시세조종·허위광고 사기 사건 (서울북부지법 2024고단3283),해외거래소 상장 2022-05-31 전후 시세조종 개시,판결 선고 2025-08-21 서울북부지방법원,14,censored,발행사가 H코인 해외거래소 상장 후 MM업자 'MM프로그램'(자동 시세조정) 자전거래로 실거래량 없이 시세 형성; 매수자 락업으로 개인유통 제한; '메타버스·결제대행 개발·국내 상장 예정' 허위광고+판매대행팀(리딩방),"uncertain — 상장당일 MM프로그램 자전거래로 만든 인위적 시세(실거래량 없음), 시장 상승폭 정량화 불가",,false,"유죄. A(총괄) 징역8년, B 7년, D 6년, C(대포통장·자금세탁) 3년. 2022-05-26~08-31 피해자 1,036명서 2,091회 합계 약 116억원(11,616,168,039원) 편취. 죄명 사기·범죄수익은닉규제법 등(가상자산법 시행 전이라 사기 등으로 처벌)",yes(강) — Gate A(메타버스·국내상장 허위광고)·B(자전거래발 급등)·D(개발 의사·능력 없음)+붕괴 구조+REG-ENF(유죄). 자연 거래량 부재로 '시장조정 초과수익' 정량화는 불가,https://casenote.kr/서울북부지방법원/2024고단3283,2026-07-02,형량·피해규모 공개기록으로 확정(대법 양형위 sc.scourt.go.kr seqnum=27350). '해외상장→MM 자전거래로 허위시세→국내상장 홍보→락업 유통제한' 패턴. 개인 익명화.
crypto-2024-coinone-listing,v0.2,crypto,"복수 신규 코인(상장청탁 대상, 티커 uncertain), 거래소 코인원(Coinone)",코인원 상장 뒷돈(배임수재)·MM 시세조종 예정 코인 상장 비리 사건,상장 청탁·금품수수 2020년경부터 약 2년 8개월,항소심 서울남부지법 형사항소1부 2024-02-15 항소기각(원심 유지),14,censored,"거래소 상장 담당 임직원+상장 브로커+발행재단+MM업체 결탁: 브로커가 뒷돈(총 약 27.5억)을 주고 거래소를 속여, MM 대량 자전거래 시세조종이 예정된 코인을 상장시키는 구조. 상장 자체가 pump 진입 촉매",개별 상장 코인 상승폭 uncertain (판결은 배임수재·업무방해 중심),,false,"유죄(항소심 실형 유지). 전 상장담당이사 징역4년(추징 약19.4억), 전 상장팀장 징역3년6월(추징 약8.1억), 브로커 각 1년6월·2년6월. 배임수재·업무방해. 코인 최소 46개 상장",partial — REG-ENF 실형은 강하나 죄명이 시세조종 자체 아닌 상장 대가 배임수재·업무방해. 상장 후 MM 자전거래 예정이 판시사실로 조작구조(MM/wash)·Gate B 정황 부합,https://www.lawtimes.co.kr/news/articleView.html?idxno=191729,2026-07-02,공급측(발행·거래소) 결탁 구조. 개인투자자 관측 선행시그널은 아님(내부 부패)이나 '상장 직후 특정 MM 계정 주도 자전거래' 후속 시그널로 연결. 개인 익명화.
crypto-2025-wemix,v0.2,crypto,"WEMIX(위믹스), 발행사 위메이드, 국내 원화마켓 대형 코인",위믹스(WEMIX) 자본시장법 위반 기소·무죄 및 상장폐지 사건 (대조/한계 사례),혐의행위 2022년 (유통량 관련),혐의행위 2022 → 2024-08 불구속기소 → 2025-07-15 1심 무죄; 2차 상장폐지 2025-06-02,14,collapsed,"검찰: 유통량 관련 미공시/부정거래를 자본시장법 제178조 위반으로 A와 위메이드 법인 기소. 별개로 2022 유통량 초과 1차 상장폐지, 2025 지갑 해킹(약 90억) 지연공시로 재차 상장폐지",가격 시계열 uncertain; 국내 시총 상위 대형코인→상장폐지로 붕괴,,false,"자본시장법 위반 1심 무죄(위믹스는 금융투자상품 아님·가상자산법 제정 전 사각지대). 상장폐지는 거래소/DAXA 자율규제(형사 아님), 가처분·항고 모두 기각. REG-ENF 앵커 실패",partial/no — 형사 무죄로 REG-ENF 미충족. 전형적 MM pump&dump 아닌 대형 상장사 공시·유통량 이슈. '법 공백기 우회기소 한계'+'자율규제 상장폐지도 붕괴 트리거'를 보여주는 control-side 사례. 양성 라벨 채택 금지,https://www.news1.kr/society/court-prosecution/5906692,2026-07-02,형사 무죄=REG-ENF 미충족이므로 양성 앵커로 쓰면 안 됨. 가상자산법 시행 후였다면 위반 소지 있다는 법조계 견해 존재. 개인 익명화(A씨).
global_stock-2021-gallagher,v0.2,global_stock,"30개 이상 OTC/microcap penny stock (개별 티커 uncertain, 판결문 'Subject Securities')",Steven Gallagher ('Alex DeLarge') 트위터 pump-and-dump (SDNY),2019-12 ~ 2021-10; 체포 2021-10-26,개별 종목별 t0 상이 (2019-12~2021-10),30,censored,주도자가 팔로워 7만+ 트위터('Alex DeLarge')로 thinly-traded penny stock에 허위·오해유발 게시물 올려 매수 선동; 본인은 사전매집 후 선동 중 매도,"uncertain (개별 종목 최고 상승폭 미확인; 총 부정 매매수익 약 $2.6M/SEC 민사, 형사 공소장은 'over $1M')",,false,"형사 증권사기 유죄인정(guilty plea): time served+보호관찰 3년(6개월 가택)·벌금 $10,000·몰수 $21,716. 민사 SDNY 배심 증권사기·시세조종 책임 인정. 강한 앵커",yes — Gate A(트위터 홍보)·B(thinly-traded 급등 유도)·D(허위정보) 충족. REG-ENF: 형사 유죄인정+배심 민사책임=강력. 개별 종목 초과수익 정량 검증은 추가 데이터 필요,https://www.justice.gov/usao-sdny/pr/ohio-based-stock-trader-pleads-guilty-securities-fraud,2026-07-02,단독 개인 소셜미디어 프로모터형. 개별 티커 확보 시 event study용 t0 정렬 데이터로 유용. 개인 익명화('주도자'). 투자자문 아님.
global_stock-2025-sirc,v0.2,global_stock,"Solar Integrated Roofing Corp(SIRC) 외 6개 상장사: Optec International, Sunshine Biopharma, BlockQuarry, Cyberlux, Ilustrato Pictures International (검증서 식별)","RB Capital Partners / Solar Integrated Roofing 프로모션-덤핑 (SEC v. Braun/Rosen 외, LR-26475; DOJ 병행)",SEC: 2021-01 ~ 2024-06; DOJ: 2020년경 이후,제소 2025-01-21(SEC),30,censored,"주도자·투자회사가 소셜미디어로 SIRC 등 적극 홍보하면서 본인 보유분 미공개 대량 매도. 2022-08 '지분을 시장에 덤핑하지 않겠다' 트윗 당일 최소 115,000주 매도","uncertain (개별 종목 최고 상승폭 미확인; SEC 부정이익 $26M+, DOJ 최대 $100M 규모 언급)",,false,"SEC 민사 제소(LR-26475) + DOJ 대배심 기소 24 counts(증권사기·자금세탁, 각 최대 20년). 확정 유죄 전(기소 단계)",partial→yes — Gate A(소셜미디어 적극 홍보)·D('덤핑 안 한다' 허위 공언과 동시 매도) 강하게 충족. B(급등 초과분) 정량 미확인. REG-ENF: SEC 민사+DOJ 기소로 '기소' 수준 앵커,https://www.sec.gov/enforcement-litigation/litigation-releases/lr-26475,2026-07-02,"6개 종목 확인 시 case-control 매칭 후보. SIRC 세부(SEC): 16억+주 매집($0.00005~0.14)·14억+주 매도($0.0001~2.60), 2023-02 존재하지 않는 $10M 신용약정 허위 보도자료. 개인 익명화. 유죄 미확정."
kr_stock-2020-shinpoong,v0.2,kr_stock,신풍제약 (KRX 019170),신풍제약 피라맥스 코로나19 치료제 테마 — 오너 매도(미공개정보 이용 무혐의) 및 별건 횡령·배임 유죄,2020년 상반기 테마 시작,오너측 블록딜 매도 2021-04; 글로벌 임상3상 실패 발표 2023-10-19(당일 -24%),20,collapsed,기존 말라리아 치료제 피라맥스를 코로나19 치료제로 개발한다는 발표(저품질·미검증 촉매). 이후 임상에서 유의미한 효과 입증 실패,"저가 약 7,000원 → 2020-09 최고 214,000원(장중), 약 30배/~3,000%, 시총 약 11조까지 확대 후 붕괴",,false,"[미공개정보] 증선위 2025-02 자본시장법 미공개중요정보 이용 혐의로 전 대표·지주사 검찰 '고발'했으나 서울남부지검 '혐의없음'(블록딜 결정이 임상실패 인지 이전). [별건] 특경법 횡령·배임(약 91억 기소, 약 8.6억 횡령+배임+허위재무제표 유죄), 대법 2025-05-12 징역 1년6월 확정",partial/no — Gate A(코로나테마)·B(~30배)·D(임상 실패) 충족하나 조작 관련 REG-ENF 앵커 미충족(미공개정보 무혐의). 확정 유죄는 별건 비자금 횡령·배임·허위공시(시세조종/미공개정보 이용 아님),https://www.news1.kr/bio/pharmaceutical-bio/5692667,2026-07-02,"미공개정보 이용을 확정 제재 근거로 쓰면 안 됨(무혐의). 블록딜 200만주·주당 84,016원·1,680억·369억 손실회피 추정 확인. 개인 익명화."
kr_stock-2020-phc,v0.2,kr_stock,"PHC(피에이치씨)/필로시스 그룹 (코스닥 의료기기, 정확한 종목코드 uncertain)",PHC(피에이치씨)·필로시스 코로나19 진단키트 FDA 허가 허위 — 사기적 부정거래 구속·기소,2020년 3~9월 허위 보도자료·공시,"2020-08 FDA 허가 취득 허위 발표 ~ 2022-12 대표 구속, 2023-05 실소유주 기소",20,collapsed,"관계사 필로시스 코로나 검체채취/진단키트 '국내 최초 미 FDA 허가 획득' 허위 보도자료·공시. 실제로는 판매업체 등록 수준을 허가로 부풀림, 의사 서명 위조·시험결과 조작 보고서 제출. 무자본 기업사냥 결합","약 775원(2020-03-18)→9,140원(2020-09-09) +1,079.4% (또는 1,300원대→9,000원대 약 588%, 17거래일) 후 2020-12 1,700원대 붕괴",,false,"서울남부지검 자본시장법 사기적 부정거래·허위공시, 특경 횡령·배임 등으로 최인환 대표 등 임직원 구속기소(2022-12~)+실소유주 이씨 구속기소(2023-05, 무자본 인수·주가조작 주도). 부당이득 214억(FDA 허위 주가조작)~931억(실소유주 전체). 최종 유무죄 확정 uncertain","yes — Gate A(진단키트 테마 허위홍보)·B(단기 500~1,000%+)·D(허가·시험결과 허위)+REG-ENF(구속기소). 신약임상 아닌 진단키트(IVD) 테마",https://www.fnnews.com/news/202212290844148222,2026-07-02,"부당이득 층위 구분: 214억(FDA 허위 주가조작 이득) vs 931억(실소유주 전체, 횡령 595억·타사 자금 132억 유용 포함). 종목코드 지어내지 말 것(uncertain). 개인 익명화."
kr_stock-2019-invossa,v0.2,kr_stock,"코오롱티슈진 (KRX 950160), 코오롱생명과학 (KRX 102940)","코오롱 인보사케이주 성분 조작 논란 — 경영진 기소(약사법 위반 등), 최종 무죄 확정 (대조/한계 사례)",2017-07 품목허가,2019-03 성분 조작 논란·판매중단; 2019-05 거래정지; 재판 2024~2026,20,collapsed,골관절염 유전자치료제 '인보사' 2액이 허가받은 연골유래세포가 아니라 태아신장유래 GP2-293 세포로 확인 — 성분 관련 허위/부실 표시 논란,"코오롱티슈진 2017 상장 후 급등 → 2019-05 성분 논란으로 거래정지(이후 2022-10 거래재개), 구체 최고 상승폭 uncertain",,false,"약사법 위반 등 기소(회장 징역10년·벌금5,000억+추징 약34억 구형). 결과: 이웅열·이우석 1·2심 무죄/면소, 검찰 상고포기(2026-02-11)로 무죄 확정. 자본시장법 위반도 무죄. REG-ENF 앵커 실패",partial/no — Gate D(성분 오표시) 있으나 이미 허가·판매된 실제 의약품이라 Gate A(홍보성 저품질 촉매) 성격 다름. 최종 무죄로 REG-ENF 미충족. 임상/허가 데이터 신뢰성 붕괴형 대조 사례. 양성 라벨 채택 금지,https://www.lawtimes.co.kr/news/articleView.html?idxno=215791,2026-07-02,검찰 상고포기로 무죄 확정(정직성 차원 명시). 2019-05 식약처 품목허가 취소·고발. 주가조작 아닌 임상/허가 데이터 신뢰성 사례. 개인 익명화.
kr_stock-2020-ilyang,v0.2,kr_stock,일양약품 (KRX 007570),일양약품 슈펙트 코로나19 치료효과 허위·과장 발표 — 주가조작 의혹(무혐의 처분) (대조/경계 사례),2020-03 허위 발표,"2020-03 발표 ~ 2021-03 임상 중단, 경찰 수사·검찰 송치",20,collapsed,"백혈병 치료제 '슈펙트'를 코로나19에 투여해 48시간 내 바이러스 70% 감소했다는 미검증(시험관/비임상) 결과 발표. 러시아 임상3상 실체 논란, 2021-03 임상 중단","2020-03 약 2만원 미만 → 2020-07-24 최고 106,500원 약 5배 후 임상 중단으로 급락",,false,서울경찰청 2024-10 공동대표·법인 자본시장법 위반 불구속 송치 → 서울남부지검 2025-04-17 경찰 송치 혐의·주주 고소건 전부 무혐의(불기소). REG-ENF 앵커 미충족,partial/no — Gate A(코로나테마)·B(~5배)·D(임상 중단) 충족하나 최종 무혐의로 REG-ENF(공식 제재/유죄) 미충족. 테마급등+임원 매도 정황에도 형사 제재로 이어지지 않은 대조/경계 사례,https://www.dailypharm.com/Users/News/NewsView.html?ID=307669,2026-07-02,'제재·기소' 카테고리에 넣기엔 무혐의 — 양성 앵커 없음 명시 필요. 회사 측 '데이터 근거·조작 없음' 주장. 개인 익명화('경영진/주도자').
kr_stock-2007-lubo,v0.2,kr_stock,"루보(LUXVAN), 당시 코스닥 상장 베어링 제조사 (6자리 코드 uncertain)",루보(LUXVAN) 주가조작 사건 (제이유그룹 연계),매집·조종 2006-10 ~ 2007-03,2007-04 검찰 수사발표 직후 폭락; 금감원 고발 2007-09,20,collapsed,"실적 무근거 급등. 제이유(JU)그룹 다단계 피해자 등을 전국 투자설명회로 모집, M&A 고수익 홍보로 800여개 차명계좌·약 3,000명·1,600억원대 자금 동원 조직적 통정·가장매매. 증권사 출신으로 '주식팀' 구성","약 1,360원 → 51,400원 약 40배(≈37.8배) 후 2,000원대 폭락 (일부 매체 57배는 uncertain)",,false,"형사 유죄 확정. 총 47명 기소(구속 11+불구속 36, 지명수배 3), 주범 중형(징역 5년+). 부당이득: 특정 기소혐의 약 119억~그룹 전체 1,000억 안팎(출처별 편차). 제이유그룹 파산·해체",yes — Gate A(투자설명회 홍보)·B(펀더 무근거 40배 급등)·D(적자 소기업)·붕괴(수사발표 후 폭락)+REG-ENF(형사 유죄 확정) 최강 양성,https://www.hankyung.com/article/202305066350Y,2026-07-02,"기소 인원 '18명'은 오류→실제 47명. 급등 배수 40배가 검증 기준치, 57배·부당이득 단일치는 편차로 병기. 국내 대표 고전 시세조종. 개인 익명화."
kr_stock-2007-ucicalls,v0.2,kr_stock,"UC아이콜스, 당시 코스닥 상장사 (모바일 솔루션, 6자리 코드 uncertain)",UC아이콜스 주가조작 사건,인수 2006-08 무자본 M&A,"한국거래소·금감원 통보 2007-03, 대표 구속 2007-07, 금감원 고발 2007-09",20,collapsed,"무자본 M&A 후 주가 하락(2,000원대). 사채업자에 담보 제공한 주식의 반대매매를 막기 위해 시세조종 계획. 외국계 IB(리먼브라더스 서울지점) 이사가 1억원 사례금·향응 받고 블록딜 매수 가담","약 2,600원(2006-11-03)→27,700원(2007-04-16) 약 10배(≈10.6배). 인수단가 4,162원 하락 후 2,600원대에서 조종 시작",,false,"형사 유죄(대법 확정 시점 uncertain). 대표 340억~351억대 부당이득으로 구속·기소, 주범 징역 5년+, 적극 가담자 2~3년. 외국계 IB 임원 연루로 파장",yes — Gate A(무자본 M&A·조작적 수급)·B(인위적 부양)·D(담보 반대매매 방어 목적)+REG-ENF(형사 유죄),https://news.mt.co.kr/mtview.php?no=2007072211184901259,2026-07-02,루보와 동시기(2007) 적발 대형 시세조종. peak_gain 정량화됨(약 10배). '유죄 확정' 시점은 검색 미확인→uncertain. 개인 익명화.
kr_stock-1998-hyundai-elec,v0.2,kr_stock,"현대전자(현 SK하이닉스 전신), 유가증권시장 상장 (당시 종목코드 uncertain)",현대전자 주가조작 사건 (현대그룹 계열사 동원),1998-05-26 ~ 1998-11-12 (현대상선은 1998-06 가담),검찰 발표 1999년; 대법원 확정 2003-12,20,censored,"현대중공업이 약 1,882억원 투입해 현대전자 주식 805만여주를 분할매수·고가 매수주문으로 부양, 현대상선도 252억원 투입 88.5만여주 매수 가담. 총 2,134억원 규모 대기업 자금·조직 동원 사상 최대급 시세조종",주가 최고 3만2천원까지 약 2배 이상 인위적 부양,,false,"형사 유죄 확정. 대법원 2003-12 관련자 징역 1년6월~2년, 집유 2~3년 확정(증권거래법 위반). 그룹 회장급 등 다수 사법처리",partial — Gate B(가장·통정성 인위적 부양)+REG-ENF(형사 유죄) 명확. Gate A(대중 홍보·저품질 촉매) 약함: 소액개인 대상 펌프 아닌 계열사 동원 기관형 시세조종,https://www.hankyung.com/article/2002102735291,2026-07-02,'스타 작전주'형 개미 대상 펌프와 성격 다른 재벌 자금 동원형 조종 — 대조군·유형 분류 시 별도 층화. 붕괴 정량 미기술→censored. 개인 익명화.
